food_name,calories,protein,carbs,fat,category,calories_per_100g,protein_ratio,carb_ratio,fat_ratio,calorie_density
Rice,130,2.7,28.0,0.3,grain,130,0.020610687022900764,0.21374045801526717,0.0022900763358778627,low
Chicken Breast,165,31.0,0.0,3.6,protein,165,0.18674698795180722,0.0,0.021686746987951807,medium
Apple,52,0.3,14.0,0.2,fruit,52,0.005660377358490566,0.2641509433962264,0.0037735849056603774,low
Egg,68,6.0,0.6,4.8,protein,68,0.08695652173913043,0.008695652173913044,0.06956521739130435,low
Banana,89,1.1,23.0,0.3,fruit,89,0.012222222222222223,0.25555555555555554,0.003333333333333333,low
Milk,42,3.4,5.0,1.0,dairy,42,0.07906976744186046,0.11627906976744186,0.023255813953488372,very_low
Bread,79,2.7,15.0,1.0,grain,79,0.03375,0.1875,0.0125,low
Fish,206,22.0,0.0,12.0,protein,206,0.10628019323671498,0.0,0.057971014492753624,medium
